"","Lambda","VV","VO","VB","BSV","BIV","BLV","ER","STD","RAS"
"1",0.01,0.300000000000057,0.299999999999997,0.299999999999997,3.93048037141367e-17,0,0.0999999999999493,0.0542471921521209,0.183761612353303,0.998
"2",0.02,0.300000000000005,0.299999999999997,0.299999999999997,5.55853864789303e-17,2.77555756156289e-17,0.1,0.0542471921521194,0.183761612353292,0.996
"3",0.03,0.300000000000007,0.299999999999991,0.299999999999997,3.40389585071914e-17,0,0.100000000000005,0.0542471921521193,0.183761612353291,0.994
"4",0.04,0.300000000000015,0.300000000000001,0.300000000000001,3.93048037141271e-17,0,0.0999999999999838,0.05424719215212,0.183761612353296,0.992
"5",0.05,0.300000000000017,0.300000000000001,0.300000000000001,0,0,0.0999999999999817,0.05424719215212,0.183761612353296,0.99
"6",0.06,0.299999999999993,0.300000000000004,0.300000000000001,-4.8138356769926e-17,0,0.100000000000002,0.0542471921521194,0.183761612353292,0.988
"7",0.07,0.299999999999996,0.299999999999994,0.300000000000001,0,0,0.100000000000009,0.0542471921521192,0.18376161235329,0.986
"8",0.08,0.300000000000001,0.300000000000001,0.300000000000001,5.55853864789273e-17,2.77555756156289e-17,0.0999999999999971,0.0542471921521195,0.183761612353293,0.984
"9",0.09,0.299999999999992,0.300000000000001,0.300000000000001,0,-2.77555756156289e-17,0.100000000000007,0.0542471921521193,0.183761612353291,0.982
"10",0.1,0.300000000000004,0.299999999999997,0.300000000000001,-1.48730678273117e-16,0,0.0999999999999984,0.0542471921521195,0.183761612353293,0.98
"11",0.11,0.300000000000004,0.299999999999997,0.300000000000001,0,0,0.0999999999999984,0.0542471921521195,0.183761612353293,0.978
"12",0.12,0.300000000000003,0.299999999999998,0.3,3.40389585071929e-17,0,0.1,0.0542471921521195,0.183761612353292,0.976
"13",0.13,0.300000000000003,0.300000000000002,0.3,0,0,0.0999999999999952,0.0542471921521196,0.183761612353294,0.974
"14",0.14,0.300000000000004,0.300000000000002,0.3,-7.35325545763294e-17,-2.77555756156289e-17,0.0999999999999939,0.0542471921521197,0.183761612353294,0.972
"15",0.15,0.299999999999998,0.3,0.3,3.80567125526888e-17,2.77555756156289e-17,0.100000000000001,0.0542471921521194,0.183761612353292,0.97
"16",0.16,0.300000000000004,0.3,0.3,3.93048037141253e-17,-2.77555756156289e-17,0.0999999999999967,0.0542471921521196,0.183761612353293,0.968
"17",0.17,0.300000000000002,0.3,0.3,4.05144643268766e-17,0,0.0999999999999986,0.0542471921521195,0.183761612353293,0.966
"18",0.18,0.300000000000002,0.3,0.3,4.1689039859196e-17,0,0.0999999999999982,0.0542471921521195,0.183761612353293,0.964
"19",0.19,0.299999999999998,0.300000000000001,0.3,-4.28314168463926e-17,0,0.100000000000001,0.0542471921521195,0.183761612353292,0.962
"20",0.2,0.300000000000004,0.3,0.3,0,0,0.099999999999997,0.0542471921521196,0.183761612353293,0.96
"21",0.21,0.300000000000002,0.3,0.3,-4.50293095488398e-17,0,0.0999999999999985,0.0542471921521195,0.183761612353293,0.958
"22",0.22,0.299999999999998,0.300000000000001,0.3,0,0,0.100000000000001,0.0542471921521195,0.183761612353292,0.956
"23",0.23,0.300000000000001,0.3,0.3,-4.71248041674551e-17,0,0.0999999999999989,0.0542471921521195,0.183761612353293,0.954
"24",0.24,0.299999999999998,0.300000000000001,0.3,-4.8138356769927e-17,0,0.100000000000001,0.0542471921521194,0.183761612353292,0.952
"25",0.25,0.3,0.299999999999999,0.3,0,0,0.100000000000001,0.0542471921521194,0.183761612353292,0.95
"26",0.26,0.300000000000001,0.299999999999999,0.3,5.01039902790641e-17,2.77555756156289e-17,0.0999999999999993,0.0542471921521195,0.183761612353293,0.948
"27",0.27,0.299999999999998,0.299999999999999,0.3,5.1058437760789e-17,2.77555756156289e-17,0.100000000000003,0.0542471921521194,0.183761612353292,0.946
"28",0.28,0.3,0.299999999999999,0.3,-1.03990735957781e-16,0,0.100000000000001,0.0542471921521195,0.183761612353292,0.944
"29",0.29,0.299999999999998,0.300000000000001,0.3,0,0,0.100000000000002,0.0542471921521194,0.183761612353292,0.942
"30",0.3,0.299999999999999,0.299999999999999,0.3,-5.38203190313467e-17,2.77555756156289e-17,0.100000000000002,0.0542471921521194,0.183761612353292,0.94
"31",0.31,0.299999999999999,0.300000000000001,0.3,0,0,0.1,0.0542471921521195,0.183761612353292,0.938
"32",0.32,0.3,0.3,0.3,5.55853864789275e-17,-2.77555756156289e-17,0.1,0.0542471921521195,0.183761612353292,0.936
"33",0.33,0.300000000000001,0.300000000000001,0.3,0,0,0.0999999999999976,0.0542471921521195,0.183761612353293,0.934
"34",0.34,0.299999999999999,0.3,0.3,1.14592209846698e-16,0,0.100000000000001,0.0542471921521194,0.183761612353292,0.932
"35",0.35,0.300000000000001,0.3,0.3,0,-2.77555756156289e-17,0.0999999999999987,0.0542471921521195,0.183761612353293,0.93
"36",0.36,0.3,0.300000000000001,0.3,5.89572055711871e-17,0,0.0999999999999993,0.0542471921521195,0.183761612353293,0.928
"37",0.37,0.299999999999999,0.3,0.3,0,0,0.100000000000002,0.0542471921521194,0.183761612353292,0.926
"38",0.38,0.299999999999999,0.299999999999999,0.3,6.05727705998236e-17,0,0.100000000000002,0.0542471921521194,0.183761612353292,0.924
"39",0.39,0.3,0.300000000000001,0.3,0,-2.77555756156289e-17,0.0999999999999984,0.0542471921521195,0.183761612353293,0.922
"40",0.4,0.3,0.3,0.3,3.10731756806198e-17,0,0.1,0.0542471921521195,0.183761612353292,0.92
"41",0.41,0.299999999999999,0.3,0.3,0,0,0.100000000000002,0.0542471921521194,0.183761612353292,0.918
"42",0.42,0.300000000000001,0.300000000000001,0.3,3.18405301341326e-17,0,0.0999999999999987,0.0542471921521196,0.183761612353293,0.916
"43",0.43,0.299999999999999,0.3,0.3,-8.77285054893984e-17,0,0.100000000000002,0.0542471921521194,0.183761612353292,0.914
"44",0.44,0.3,0.3,0.3,0,0,0.1,0.0542471921521195,0.183761612353292,0.912
"45",0.45,0.3,0.3,0.3,-9.88742395654518e-17,0,0.100000000000001,0.0542471921521195,0.183761612353292,0.91
"46",0.46,0.299999999999999,0.3,0.3,-3.33222685888947e-17,0,0.100000000000001,0.0542471921521195,0.183761612353292,0.908
"47",0.47,0.299999999999999,0.299999999999999,0.3,-1.56558710631481e-16,0,0.100000000000002,0.0542471921521194,0.183761612353292,0.906
"48",0.48,0.3,0.3,0.3,-6.80779170143856e-17,0,0.0999999999999998,0.0542471921521195,0.183761612353293,0.904
"49",0.49,0.299999999999999,0.3,0.3,-2.11194479813991e-17,0,0.100000000000001,0.0542471921521195,0.183761612353292,0.902
"50",0.5,0.3,0.300000000000001,0.3,-6.94817330986589e-17,0,0.0999999999999996,0.0542471921521195,0.183761612353293,0.9
"51",0.51,0.3,0.3,0.3,3.97615386834643e-17,4.74851979972072e-17,0.1,0.0542471921521195,0.183761612353292,0.898
"52",0.52,0.3,0.3,0.3,-3.34867168578436e-17,2.83496887813801e-31,0.0999999999999997,0.0542471921521195,0.183761612353292,0.896
"53",0.53,0.3,0.3,0.3,-1.81807786750155e-31,4.25575735290337e-17,0.1,0.0542471921521195,0.183761612353292,0.894
"54",0.54,0.3,0.3,0.3,-6.45624008313407e-17,-4.0168862009228e-17,0.1,0.0542471921521195,0.183761612353292,0.892
"55",0.55,0.3,0.3,0.3,1.79900573751829e-16,-7.56547930589768e-17,0.1,0.0542471921521195,0.183761612353292,0.89
"56",0.56,0.300000000000001,0.3,0.3,2.45188690886352e-17,3.55312215854883e-17,0.0999999999999997,0.0542471921521195,0.183761612353293,0.888
"57",0.57,0.3,0.3,0.3,-8.9381025001998e-17,-3.32784979680162e-17,0.1,0.0542471921521195,0.183761612353293,0.886
"58",0.58,0.3,0.3,0.3,-5.68410020816363e-17,-3.10674938872546e-17,0.0999999999999995,0.0542471921521195,0.183761612353293,0.884
"59",0.59,0.299999999999999,0.3,0.3,-2.18030773491514e-16,0,0.100000000000002,0.0542471921521195,0.183761612353292,0.882
"60",0.6,0.3,0.3,0.3,9.77115040266518e-17,0,0.1,0.0542471921521195,0.183761612353293,0.88
"61",0.61,0.299999999999999,0.3,0.3,-3.62690195624098e-17,2.46689281275979e-17,0.100000000000001,0.0542471921521195,0.183761612353292,0.878
"62",0.62,0.300000000000001,0.3,0.3,-6.51398188341614e-17,0,0.0999999999999991,0.0542471921521195,0.183761612353293,0.876
"63",0.63,0.299999999999999,0.3,0.3,1.21366510044856e-16,2.05842169456776e-17,0.100000000000001,0.0542471921521195,0.183761612353292,0.874
"64",0.64,0.300000000000001,0.3,0.3,3.71501768239692e-17,0,0.0999999999999996,0.0542471921521195,0.183761612353293,0.872
"65",0.65,0.3,0.3,0.3,1.48461590081229e-16,-1.6632292107301e-17,0.1,0.0542471921521195,0.183761612353292,0.87
"66",0.66,0.3,0.3,0.3,7.32961195553979e-17,0,0.1,0.0542471921521195,0.183761612353292,0.868
"67",0.67,0.3,0.3,0.3,-1.11022302462516e-16,-1.28040290791689e-17,0.1,0.0542471921521195,0.183761612353292,0.866
"68",0.68,0.3,0.3,0.3,3.82935257638996e-17,0,0.0999999999999996,0.0542471921521195,0.183761612353293,0.864
"69",0.69,0.3,0.3,0.3,-1.20381601900217e-16,1.81823964009459e-17,0.1,0.0542471921521195,0.183761612353293,0.862
"70",0.7,0.3,0.3,0.3,-1.49874887371625e-16,0,0.0999999999999999,0.0542471921521195,0.183761612353293,0.86
"71",0.71,0.3,0.3,0.3,1.89280540967203e-16,-5.48635309830242e-18,0.1,0.0542471921521195,0.183761612353292,0.858
"72",0.72,0.3,0.3,0.3,-6.25407595712926e-17,0,0.100000000000001,0.0542471921521195,0.183761612353292,0.856
"73",0.73,0.3,0.3,0.3,2.11696734824603e-17,-2.57728398374092e-17,0.1,0.0542471921521195,0.183761612353293,0.854
"74",0.74,0.3,0.3,0.3,3.99472380959912e-17,2.6694368603017e-19,0.1,0.0542471921521195,0.183761612353292,0.852
"75",0.75,0.3,0.299212443049639,0.294051598838969,-7.77235427199417e-17,0,0.106735958111392,0.0540132654610989,0.18204608200708,0.85
"76",0.76,0.3,0.29534575787365,0.29012337881327,-3.75421680275616e-17,-2.77555756156289e-17,0.11453086331308,0.0537480245050215,0.180105858061387,0.848
"77",0.77,0.3,0.291579506078857,0.286297190476552,0,0,0.122123303444591,0.0534896729244266,0.178220824497397,0.846
"78",0.78,0.3,0.287909824842903,0.282569109533082,9.39862309431346e-17,0,0.129521065624014,0.0532379457433341,0.176388822526492,0.844
"79",0.79,0.3,0.284333046929382,0.278935410385648,0,0,0.136731542684971,0.0529925914022693,0.174607802659249,0.842
"80",0.8,0.300000000000001,0.280845688463694,0.275392553716902,0,0,0.143761757819404,0.0527533709197312,0.172875817883614,0.84
"81",0.81,0.3,0.277444437614446,0.271937174990593,-3.12162374392136e-17,0,0.150618387394961,0.0525200571157742,0.171191017348172,0.838
"82",0.82,0.3,0.274126144102983,0.268566073794195,-1.30628325374736e-17,0,0.157307782102822,0.0522924338924015,0.169551640507412,0.836
"83",0.83,0.3,0.270887809471315,0.265276203951926,-1.2101136145643e-17,0,0.163835986576759,0.0520702955659776,0.167956011690015,0.834
"84",0.84,0.3,0.267726578045163,0.262064664343997,0,0,0.17020875761084,0.0518534462473256,0.16640253505491,0.832
"85",0.85,0.3,0.264639728534919,0.258928690373903,1.62386752084668e-17,0,0.176431581091177,0.0516416992655832,0.16488968990317,0.83
"86",0.86,0.3,0.26162466622259,0.255865646031019,1.36320651851448e-16,0,0.182509687746391,0.0514348766322533,0.163416026316776,0.828
"87",0.87,0.3,0.258678915687555,0.252873016500615,-8.37074021583739e-18,0,0.18844806781183,0.0512328085422184,0.161980161097962,0.826
"88",0.88,0.3,0.255800114028316,0.24994840127772,-2.30333187292083e-17,0,0.194251484693964,0.0510353329087751,0.160580773985221,0.824
"89",0.89,0.3,0.252986004541194,0.247089507745229,0,0,0.199924487713577,0.0508422949300161,0.159216604124213,0.822
"90",0.9,0.3,0.250234430820453,0.244294145180125,0,1.38777878078145e-17,0.205471423999423,0.0506535466841183,0.157886446773757,0.82
"91",0.91,0.3,0.247543331247422,0.241560219154913,-1.97358850925571e-17,1.38777878078145e-17,0.210896449597665,0.0504689467513171,0.156589150228822,0.818
"92",0.92,0.3,0.24491073383902,0.238885726304163,1.86620990065574e-17,0,0.216203539856817,0.0502883598605334,0.155323612943999,0.816
"93",0.93,0.3,0.24233475142865,0.236268749428698,-5.55111512312578e-17,0,0.221396499142652,0.0501116565587988,0.154088780842382,0.814
"94",0.94,0.3,0.239813577154669,0.233707452912286,1.65507017451334e-17,0,0.226478969933046,0.049938712901782,0.152883644796036,0.812
"95",0.95,0.3,0.237345480233825,0.231200078427797,-1.69219979981416e-17,0,0.231454441338377,0.0497694101638602,0.151707238265418,0.81
"96",0.96,0.3,0.234928801998833,0.228744940911735,-9.83866850616522e-17,0,0.236326257089432,0.0496036345663118,0.150558635086166,0.808
"97",0.97,0.3,0.232561952181056,0.226340424787758,1.37080289284227e-17,0,0.241097623031186,0.0494412770223211,0.14943694739261,0.806
"98",0.98,0.3,0.230243405420786,0.223984980421412,-1.24646651994598e-17,0,0.245771614157801,0.0492822328975956,0.148341323668259,0.804
"99",0.99,0.3,0.227971697989005,0.221677120789741,-1.14701057060221e-17,0,0.250351181221254,0.0491264017854907,0.147270946914272,0.802
"100",1,0.3,0.22574542470586,0.219415418350702,0,-6.93889390390723e-18,0.254839156943437,0.0489736872956279,0.146225032927663,0.8
"101",1.01,0.3,0.223563236042184,0.217198502098576,0,0,0.259238261859239,0.0488239968550694,0.145202828681638,0.798
"102",1.02,0.3,0.22142383539152,0.215025054792569,1.70944563386179e-17,0,0.26355110981591,0.0486772415211885,0.144203610801052,0.796
"103",1.03,0.3,0.219325976501063,0.212893810346874,-2.01707782612372e-17,0,0.267780213152063,0.0485333358054412,0.143226684126533,0.794
"104",1.04,0.3,0.217268461050809,0.210803551371287,-1.23975452976098e-17,0,0.271927987577904,0.0483921975073044,0.142271380361293,0.792
"105",1.05,0.3,0.215250136371034,0.208753106852379,1.79296937888381e-17,0,0.275996756776586,0.0482537475577035,0.141337056795132,0.79
"106",1.06,0.3,0.213269893288993,0.206741349965903,-2.16094757398284e-17,0,0.279988756745104,0.0481179098713027,0.140423095100526,0.788
"107",1.07,0.3,0.211326664096334,0.204767196011884,0,0,0.283906139891783,0.0479846112070776,0.13952890019609,0.786
"108",1.08,0.3,0.209419420629465,0.202829600464421,1.16941396359838e-17,0,0.287750978906114,0.0478537810366344,0.138653899173063,0.784
"109",1.09,0.3,0.207547172455566,0.200927557128839,-2.05437632228941e-18,0,0.291525270415595,0.0477253514197773,0.137797540280743,0.782
"110",1.1,0.3,0.205708965157558,0.199060096399357,0,0,0.295230938443085,0.0475992568868632,0.136959291967158,0.78
"111",1.11,0.3,0.203903878711764,0.197226283610948,0,0,0.298869837677288,0.047475434327515,0.136138641971458,0.778
"112",1.12,0.3,0.203846559390404,0.196153440609596,1.04062298694045e-17,0,0.3,0.0474360477445033,0.13587814646788,0.776
"113",1.13,0.3,0.20456959392119,0.19543040607881,0,0,0.3,0.0474347117051096,0.135869405899503,0.774
"114",1.14,0.3,0.205279943635646,0.194720056364354,0,0,0.3,0.0474333991050034,0.135860893795337,0.772
"115",1.15,0.3,0.205977939442024,0.194022060557976,0,-3.46944695195361e-18,0.3,0.0474321093327251,0.135852602266445,0.77
"116",1.16,0.3,0.206663900837948,0.193336099162053,6.25057194195329e-18,0,0.3,0.0474308417979,0.135844523761297,0.768
"117",1.17,0.3,0.207338136398043,0.192661863601957,0,0,0.3,0.0474295959303368,0.135836651048607,0.766
"118",1.18,0.3,0.208000944236782,0.191999055763219,0,0,0.3,0.047428371179173,0.135828977201183,0.764
"119",1.19,0.3,0.208652612447978,0.191347387552022,1.61404805770107e-18,0,0.3,0.0474271670120623,0.135821495580715,0.762
"120",1.2,0.3,0.209293419522321,0.190706580477679,1.11882624552949e-18,0,0.3,0.0474259829144035,0.135814199823449,0.76
"121",1.21,0.3,0.209923634744196,0.190076365255804,-6.27733573051444e-19,0,0.3,0.0474248183886068,0.135807083826677,0.758
"122",1.22,0.3,0.210543518568991,0.18945648143101,2.81387118557213e-19,0,0.3,0.047423672953397,0.135800141735998,0.756
"123",1.23,0.3,0.209264164089339,0.187902029886993,0,0.00283380602366756,0.3,0.0473201148874562,0.1351769235905,0.754
"124",1.24,0.3,0.207238506683564,0.185989153826379,0,0.00677233949005773,0.3,0.0471766433215775,0.134314758110151,0.752
"125",1.25,0.3,0.205245259796281,0.184106883782734,0,0.0106478564209856,0.3,0.0470354673007529,0.133467830580373,0.75
"126",1.26,0.3,0.203283651748479,0.182254491041368,0,0.0144618572101531,0.3,0.0468965321691477,0.132635770880568,0.748
"127",1.27,0.3,0.201352935165996,0.180431269839238,0,0.018215794994766,0.3,0.0467597849923709,0.131818220551487,0.746
"128",1.28,0.3,0.199452386030115,0.178636536468389,0,0.0219110775014956,0.3,0.0466251744902312,0.131014832340441,0.744
"129",1.29,0.3,0.197581302772309,0.176869628421122,0,0.0255490688065695,0.3,0.0464926509726209,0.130225269767663,0.742
"130",1.3,0.3,0.195739005410778,0.17512990357458,0,0.0291310910146421,0.3,0.0463621662783584,0.129449206712654,0.74
"131",1.31,0.3,0.193924834726521,0.173416739412719,0,0.03265842586076,0.3,0.0462336737168327,0.128686327019477,0.738
"132",1.32,0.3,0.192138151476875,0.171729532283612,0,0.0361323162395126,0.3,0.0461071280122999,0.127936324119977,0.736
"133",1.33,0.3,0.190378335644517,0.170067696690282,0,0.0395539676652007,0.3,0.0459824852506923,0.127198900673982,0.734
"134",1.34,0.3,0.188644785720104,0.168430664613271,0,0.0429245496666256,0.3,0.0458597028288103,0.126473768225611,0.732
"135",1.35,0.3,0.186936918016793,0.166817884863326,0,0.0462451971198809,0.3,0.0457387394057709,0.125760646874837,0.73
"136",1.36,0.3,0.185254166015002,0.165228822462645,0,0.0495170115223528,0.3,0.0456195548565998,0.125059264963535,0.728
"137",1.37,0.3,0.183595979735865,0.163662958053216,0,0.0527410622109197,0.3,0.0455021102278545,0.124369358775265,0.726
"138",1.38,0.3,0.181961825141933,0.162119787330879,0,0.0559183875271887,0.3,0.045386367695178,0.123690672248099,0.724
"139",1.39,0.3,0.18035118356374,0.160598820503827,0,0.0590499959324323,0.3,0.0452722905226839,0.12302295669983,0.722
"140",1.4,0.3,0.178763551150951,0.159099581774305,0,0.062136867074744,0.3,0.0451598430240826,0.122365970564949,0.72
"141",1.41,0.3,0.177198438346853,0.157621608842365,0,0.0651799528107822,0.3,0.0450489905254614,0.121719479142804,0.718
"142",1.42,0.3,0.175655369385067,0.156164452430593,0,0.0681801781843405,0.3,0.0449396993296377,0.121083254356389,0.716
"143",1.43,0.3,0.174133881807362,0.154727675828776,0,0.0711384423638626,0.3,0.0448319366820073,0.12045707452124,0.714
"144",1.44,0.3,0.172633526001569,0.153310854457539,0,0.0740556195408923,0.3,0.0447256707378163,0.119840724123954,0.712
"145",1.45,0.3,0.171153864758615,0.151913575450043,0,0.0769325597913415,0.3,0.0446208705307865,0.119233993609864,0.71
"146",1.46,0.3,0.169694472847756,0.150535437250871,0,0.0797700899013737,0.3,0.0445175059430311,0.118636679179422,0.708
"147",1.47,0.3,0.168254936609153,0.149176049231277,0,0.0825690141595692,0.3,0.0444155476761975,0.118048582592889,0.706
"148",1.48,0.3,0.166834853562964,0.147835031320058,0,0.0853301151169772,0.3,0.0443149672237806,0.117469510982933,0.704
"149",1.49,0.3,0.165433832034174,0.146512013649257,0,0.0880541543165688,0.3,0.0442157368445505,0.116899276674762,0.702
"150",1.5,0.3,0.164051490792434,0.145206636214067,0,0.0907418729934989,0.3,0.0441178295370435,0.116337697013439,0.7
"151",1.51,0.3,0.162687458706214,0.14391854854623,0,0.0933939927475555,0.3,0.0440212190150664,0.115784594198058,0.698
"152",1.52,0.3,0.161341374410602,0.142647409400339,0,0.096011216189059,0.3,0.0439258796841679,0.115239795122443,0.696
"153",1.53,0.3,0.160012885988136,0.141392886452433,0,0.098594227559432,0.3,0.0438317866190328,0.114703131222101,0.694
"154",1.54,0.3,0.158701650662064,0.140154656010344,0,0.101143693327591,0.3,0.0437389155417566,0.114174438327114,0.692
"155",1.55,0.3,0.157407334501491,0.138932402735249,0,0.103660262763259,0.3,0.0436472428009613,0.113653556520726,0.69
"156",1.56,0.3,0.156129612137848,0.137725819373938,0,0.106144568488213,0.3,0.0435567453517147,0.113140330003357,0.688
"157",1.57,0.3,0.154868166492214,0.136534606501306,0,0.10859722700648,0.3,0.0434674007362165,0.112634606961805,0.686
"158",1.58,0.3,0.153622688512979,0.135358472272632,0,0.111018839214388,0.3,0.0433791870652183,0.112136239443404,0.684
"159",1.59,0.3,0.152392876923421,0.134197132185199,2.77555756156289e-17,0.11340999089138,0.3,0.0432920830001446,0.11164508323493,0.682
"160",1.6,0.3,0.151178437978732,0.133050308848858,0,0.11577125317241,0.3,0.0432060677358843,0.111160997746033,0.68
"161",1.61,0.3,0.149979085232114,0.131917731765143,0,0.118103183002743,0.3,0.0431211209842235,0.110683845897006,0.678
"162",1.62,0.3,0.148794539309528,0.130799137114561,0,0.120406323575911,0.3,0.0430372229578919,0.110213494010706,0.676
"163",1.63,0.3,0.147624527692741,0.129694267551715,0,0.122681204755544,0.3,0.0429543543551962,0.109749811708441,0.674
"164",1.64,0.3,0.146468784510305,0.128602872007928,0,0.124928343481767,0.3,0.0428724963452163,0.109292671809661,0.672
"165",1.65,0.3,0.14532705033614,0.127524705501037,0,0.127148244162823,0.3,0.0427916305535392,0.108841950235292,0.67
"166",1.66,0.3,0.1441990719954,0.126459528952058,0,0.129341399052542,0.3,0.0427117390485088,0.108397525914548,0.668
"167",1.67,0.3,0.143084602377302,0.125407109008458,0,0.131508288614239,0.3,0.0426328043279698,0.107959280695093,0.666
"168",1.68,0.3,0.141983400254659,0.124367217873709,0,0.133649381871632,0.3,0.0425548093064849,0.107527099256399,0.664
"169",1.69,0.3,0.140895230109798,0.123339633142923,-2.77555756156289e-17,0.135765136747278,0.3,0.0424777373030057,0.107100869026174,0.662
"170",1.7,0.3,0.139819861966642,0.122324137644263,0,0.137856000389095,0.3,0.0424015720289791,0.106680480099736,0.66
"171",1.71,0.3,0.138757071228669,0.121320519285938,0,0.139922409485393,0.3,0.0423262975768711,0.106265825162199,0.658
"172",1.72,0.3,0.137706638522532,0.120328570908524,0,0.141964790568944,0.3,0.0422518984090898,0.105856799413385,0.656
"173",1.73,0.3,0.136668349547102,0.11934809014241,0,0.143983560310488,0.3,0.0421783593472945,0.105453300495312,0.654
"174",1.74,0.3,0.135641994927712,0.118378879270159,0,0.145979125802129,0.3,0.0421056655620715,0.105055228422194,0.652
"175",1.75,0.299807208125088,0.134705628832751,0.117497112869405,0,0.147990050172755,0.3,0.042033357530366,0.10466005408807,0.65
"176",1.76,0.298995815755504,0.134031897058685,0.11687127136347,0,0.150101015822342,0.3,0.041960438172466,0.104262300300019,0.648
"177",1.77,0.298193591661283,0.133365778073025,0.116252501512969,0,0.152188128752723,0.3,0.041888342762113,0.103869784308327,0.646
"178",1.78,0.297400381320929,0.132707143570351,0.115640684132698,0,0.154251790976022,0.3,0.0418170574125504,0.103482413647313,0.644
"179",1.79,0.296616033665942,0.1320558681124,0.11503570270081,0,0.156292395520848,0.3,0.0417465685473405,0.103100097933481,0.642
"180",1.8,0.2958404009849,0.131411829048425,0.114437443284833,0,0.158310326681843,0.3,0.041676862891744,0.102722748807827,0.64
"181",1.81,0.29507333883072,0.130774906438196,0.113845794470136,0,0.160305960260948,0.3,0.0416079274643862,0.102350279880048,0.638
"182",1.82,0.294314705930982,0.13014498297753,0.113260647290765,0,0.162279663800722,0.3,0.0415397495691971,0.101982606674589,0.636
"183",1.83,0.293564364101185,0.129521943926271,0.112681895162536,0,0.164231796810007,0.3,0.0414723167876167,0.101619646578448,0.634
"184",1.84,0.292822178160844,0.128905677038611,0.112109433818309,0,0.166162710982236,0.3,0.0414056169710534,0.101261318790689,0.632
"185",1.85,0.29208801585229,0.128296072495683,0.111543161245371,0,0.168072750406655,0.3,0.0413396382335881,0.100907544273577,0.63
"186",1.86,0.291361747762107,0.127693022840314,0.11098297762483,0,0.169962251772748,0.3,0.0412743689449127,0.100558245705291,0.628
"187",1.87,0.290643247245081,0.12709642291388,0.110428785272959,0,0.171831544568081,0.3,0.041209797723496,0.100213347434151,0.626
"188",1.88,0.289932390350578,0.126506169795173,0.109880488584404,0,0.173680951269845,0.3,0.0411459134299666,0.0998727754342938,0.624
"189",1.89,0.289229055751253,0.125922162741214,0.10933799397721,0,0.175510787530322,0.3,0.0410827051607074,0.0995364572627616,0.622
"190",1.9,0.288533124674028,0.125344303129929,0.108801209839566,0,0.177321362356477,0.3,0.0410201622416509,0.0992043220179347,0.62
"191",1.91,0.287844480833212,0.124772494404626,0.108270046478232,0,0.17911297828393,0.3,0.0409582742222704,0.0988763002992687,0.618
"192",1.92,0.287163010365739,0.124206642020211,0.107744416068579,0,0.180885931545471,0.3,0.0408970308697584,0.0985523241682857,0.616
"193",1.93,0.286488601768395,0.123646653391075,0.107224232606176,0,0.182640512234354,0.3,0.0408364221633865,0.0982323271107736,0.614
"194",1.94,0.285821145837002,0.12309243784059,0.10670941185988,0,0.184377004462528,0.3,0.040776438289039,0.097916244000152,0.612
"195",1.95,0.285160535607471,0.122543906552162,0.106199871326366,0,0.186095686514001,0.3,0.0407170696339156,0.0976040110619605,0.61
"196",1.96,0.284506666298648,0.122000972521778,0.105695530186052,0,0.187796830993521,0.3,0.0406583067813955,0.0972955658394308,0.608
"197",1.97,0.283859435256921,0.121463550512007,0.10519630926036,0,0.189480704970711,0.3,0.0406001405060583,0.0969908471601042,0.606
"198",1.98,0.283218741902484,0.120931557007386,0.104702130970282,0,0.191147570119848,0.3,0.0405425617688559,0.0966897951034569,0.604
"199",1.99,0.282584487677237,0.120404910171153,0.104212919296184,0,0.192797682855426,0.3,0.0404855617124293,0.0963923509694981,0.602
"200",2,0.281956575994242,0.119883529803282,0.103728599738827,0,0.194431294463649,0.3,0.0404291316565671,0.096098457248307,0.6
"201",2.01,0.28133491218869,0.119367337299769,0.103249099281543,0,0.196048651229998,0.3,0.0403732630937979,0.0958080575904755,0.598
"202",2.02,0.280719403470322,0.118856255613121,0.102774346353539,0,0.197649994563018,0.3,0.0403179476851156,0.0955210967784265,0.596
"203",2.03,0.280109958877258,0.118350209214027,0.102304270794284,0,0.199235561114431,0.3,0.0402631772558293,0.0952375206985762,0.594
"204",2.04,0.279506489231185,0.11784912405414,0.101838803818943,0,0.200805582895732,0.3,0.0402089437915358,0.0949572763143119,0.592
"205",2.05,0.278908907093854,0.117352927529958,0.101377877984826,0,0.202360287391363,0.3,0.0401552394342111,0.094680311639759,0.59
"206",2.06,0.278317126724846,0.11686154844776,0.100921427158806,0,0.203899897668588,0.3,0.0401020564784139,0.0944065757143077,0.588
"207",2.07,0.277731064040564,0.116374916989543,0.100469386485695,0,0.205424632484198,0.3,0.0400493873676002,0.0941360185778761,0.586
"208",2.08,0.277150636574399,0.115892964679964,0.100021692357517,0,0.20693470638812,0.3,0.0399972246905443,0.0938685912468843,0.584
"209",2.09,0.276575763438054,0.115415624354208,0.0995782823836763,0,0.208430329824062,0.3,0.0399455611778621,0.0936042456909149,0.582
"210",2.1,0.27600636528396,0.114942830126793,0.0991390953619675,0,0.20991170922728,0.3,0.0398943896986341,0.0933429348100383,0.58
"211",2.11,0.275442364268768,0.114474517361249,0.0987040712504166,0,0.211379047119567,0.3,0.0398437032571239,0.09308461241278,0.578
"212",2.12,0.274883684017869,0.114010622640663,0.0982731511399183,0,0.21283254220155,0.3,0.0397934949895901,0.0928292331947089,0.576
"213",2.13,0.274330249590923,0.113551083739049,0.0978462772276406,0,0.214272389442387,0.3,0.0397437581611882,0.0925767527176269,0.574
"214",2.14,0.273781987448341,0.113095839593525,0.0974233927911787,0,0.215698780166955,0.3,0.0396944861629582,0.0923271273893385,0.572
"215",2.15,0.273238825418713,0.112644830277263,0.0970044421634278,0,0.217111902140596,0.3,0.0396456725088978,0.092080314443984,0.57
"216",2.16,0.272700692667137,0.112197996973187,0.0965893707081563,0,0.218511939651519,0.3,0.0395973108331158,0.0918362719229157,0.568
"217",2.17,0.272167519664423,0.111755281948412,0.0961781247962512,0,0.219899073590913,0.3,0.0395493948870644,0.0915949586561016,0.566
"218",2.18,0.271639238157148,0.111316628529369,0.0957706517826207,0,0.221273481530862,0.3,0.0395019185368484,0.0913563342440378,0.564
"219",2.19,0.271115781138523,0.110881981077623,0.0953668999837265,0,0.222635337800127,0.3,0.039454875760607,0.0911203590401552,0.562
"220",2.2,0.270597082820068,0.110451284966347,0.0949668186557315,0,0.223984813557853,0.3,0.0394082606459678,0.0908869941337036,0.56
"221",2.21,0.270083078604042,0.110024486557436,0.0945703579732382,0,0.225322076865284,0.3,0.0393620673875696,0.0906562013330988,0.558
"222",2.22,0.269573705056628,0.109601533179236,0.0941774690086056,0,0.22664729275553,0.3,0.0393162902846525,0.0904279431497177,0.556
"223",2.23,0.269068899881838,0.109182373104876,0.0937881037118172,0,0.227960623301469,0.3,0.0392709237387122,0.0902021827821272,0.554
"224",2.24,0.268568601896108,0.108766955531181,0.0934022148908926,0,0.229262227681819,0.3,0.0392259622512179,0.0899788841007348,0.552
"225",2.25,0.268072751003584,0.10835523055814,0.0930197561928211,0,0.230552262245455,0.3,0.0391814004213901,0.0897580116328454,0.55
"226",2.26,0.267581288172056,0.107947149168931,0.092640682084998,0,0.231830880574014,0.3,0.0391372329440387,0.089539530548114,0.548
"227",2.27,0.267094155409529,0.107542663210465,0.0922649478371557,0,0.23309823354285,0.3,0.0390934546074569,0.0893234066443813,0.546
"228",2.28,0.26661129574141,0.107141725374441,0.0918925095037681,0,0.234354469380382,0.3,0.0390500602913715,0.0891096063338797,0.544
"229",2.29,0.266132653188296,0.106744289178906,0.0915233239069163,0,0.235599733725882,0.3,0.0390070449649462,0.0888980966298,0.542
"230",2.3,0.26565817274434,0.106350308950289,0.0911573486196026,0,0.236834169685769,0.3,0.0389644036848376,0.0886888451332067,0.54
"231",2.31,0.265187800356175,0.105959739805903,0.0907945419494953,0,0.238057917888427,0.3,0.0389221315933014,0.0884818200202909,0.538
"232",2.32,0.264721482902391,0.105572537636899,0.0904348629230958,0,0.239271116537615,0.3,0.0388802239163474,0.0882769900299531,0.536
"233",2.33,0.264259168173533,0.105188659091663,0.090078271270313,0,0.240473901464491,0.3,0.0388386759619424,0.0880743244517027,0.534
"234",2.34,0.263800804852612,0.104808061559634,0.0897247274094349,0,0.241666406178318,0.3,0.0387974831182587,0.0878737931138673,0.532
"235",2.35,0.263346342496126,0.104430703155538,0.0893741924324788,0,0.242848761915857,0.3,0.0387566408519682,0.0876753663721019,0.53
"236",2.36,0.262895731515542,0.104056542704019,0.0890266280909208,0,0.244021097689518,0.3,0.0387161447065784,0.0874790150981881,0.528
"237",2.37,0.262448923159267,0.103685539724664,0.088681996781781,0,0.245183540334288,0.3,0.0386759903008121,0.0872847106691164,0.526
"238",2.38,0.262005869495061,0.103317654417405,0.0883402615340625,0,0.246336214553471,0.3,0.0386361733270271,0.0870924249564422,0.524
"239",2.39,0.261566523392899,0.102952847648282,0.0880013859955298,0,0.247479242963289,0.3,0.0385966895496754,0.0869021303159081,0.522
"240",2.4,0.261130838508255,0.102591080935569,0.0876653344198183,0,0.248612746136358,0.3,0.0385575348038016,0.0867137995773243,0.52
"241",2.41,0.260698769265808,0.102232316436238,0.0873320716538639,0,0.24973684264409,0.3,0.0385187049935783,0.0865274060346997,0.518
"242",2.42,0.260270270843546,0.10187651693277,0.0870015631256445,6.93889390390723e-18,0.25085164909804,0.3,0.0384801960908775,0.0863429234366171,0.516
"243",2.43,0.259845299157268,0.101523645820278,0.0866737748322252,0,0.251957280190229,0.3,0.0384420041338778,0.0861603259768445,0.514
"244",2.44,0.25942381084547,0.101173667093953,0.0863486733280964,0,0.253053848732481,0.3,0.0384041252257061,0.0859795882851772,0.512
"245",2.45,0.259005763254583,0.100826545336822,0.0860262257137972,-6.93889390390723e-18,0.254141465694798,0.3,0.0383665555331113,0.0858006854185014,0.51
"246",2.46,0.258591114424598,0.100482245707799,0.0857063996248177,-6.93889390390723e-18,0.255220240242786,0.3,0.0383292912851717,0.0856235928520774,0.508
"247",2.47,0.258179823075018,0.100140733930022,0.0853891632207684,0,0.256290279774191,0.3,0.0382923287720333,0.0854482864710313,0.506
"248",2.48,0.257771848591161,0.0998019762794856,0.0850744851748169,0,0.257351689954536,0.3,0.0382556643436782,0.0852747425620529,0.504
"249",2.49,0.257367151010788,0.0994659395739337,0.0847623346633708,0,0.258404574751908,0.3,0.0382192944087235,0.0851029378052928,0.502
"250",2.5,0.256965691011058,0.0991325911620258,0.0844526813560166,0,0.259449036470899,0.3,0.0381832154332486,0.084932849266453,0.5
"251",2.51,0.256567429895788,0.0988018989127628,0.084145495405693,0,0.260485175785756,0.3,0.0381474239396499,0.084764454389065,0.498
"252",2.52,0.25617232958302,0.0984738312051605,0.0838407474391022,0,0.261513091772717,0.3,0.0381119165055242,0.0845977309869526,0.496
"253",2.53,0.255780352592883,0.0981483569181718,0.0835384085473458,0,0.262532881941599,0.3,0.0380766897625773,0.0844326572368718,0.494
"254",2.54,0.255391462035739,0.0978254454208443,0.0832384502767844,0,0.263544642266632,0.3,0.0380417403955592,0.0842692116713234,0.492
"255",2.55,0.255005621600612,0.0975050665627117,0.0829408446201099,0,0.264548467216566,0.3,0.0380070651412236,0.0841073731715352,0.49
"256",2.56,0.254622795543885,0.097187190664408,0.0826455640076284,0,0.265544449784079,0.3,0.0379726607873124,0.083947120960607,0.488
"257",2.57,0.25424294867826,0.0968717885085035,0.0823525812987457,0,0.266532681514491,0.3,0.0379385241715641,0.0837884345968158,0.486
"258",2.58,0.253866046361981,0.0965588313305521,0.0820618697736527,0,0.267513252533814,0.3,0.0379046521807439,0.0836312939670756,0.484
"259",2.59,0.253492054488299,0.0962482908103454,0.0817734031252014,0,0.268486251576154,0.3,0.0378710417496985,0.0834756792805482,0.482
"260",2.6,0.253120939475184,0.0959401390633712,0.0814871554509689,0,0.269451766010476,0.3,0.0378376898604303,0.0833215710624013,0.48
"261",2.61,0.252752668255272,0.0956343486324654,0.0812031012455045,0,0.270409881866758,0.3,0.0378045935411949,0.0831689501477092,0.478
"262",2.62,0.252387208266047,0.0953308924796583,0.0809212153927538,0,0.271360683861541,0.3,0.0377717498656177,0.0830177976754925,0.476
"263",2.63,0.252024527440238,0.0950297439782031,0.0806414731586552,0,0.272304255422904,0.3,0.037739155951832,0.0828680950828937,0.474
"264",2.64,0.251664594196444,0.0947308769047894,0.0803638501839054,0,0.273240678714861,0.3,0.0377068089616355,0.0827198240994848,0.472
"265",2.65,0.25130737742996,0.09443426543193,0.0800883224768899,0,0.27417003466122,0.3,0.037674706099667,0.0825729667417026,0.47
"266",2.66,0.250952846503826,0.0941398841205204,0.0798148664067693,0,0.275092402968885,0.3,0.0376428446126005,0.0824275053074102,0.468
"267",2.67,0.25060097124006,0.0938477079125672,0.0795434586967244,3.46944695195361e-18,0.276007862150648,0.3,0.0376112217883585,0.0822834223705791,0.466
"268",2.68,0.250251721911098,0.0935577121240762,0.0792740764173513,-3.46944695195361e-18,0.276916489547474,0.3,0.0375798349553421,0.0821407007760912,0.464
"269",2.69,0.249905069231423,0.0932698724381019,0.079006696980204,0,0.277818361350271,0.3,0.037548681481679,0.0819993236346552,0.462
"270",2.7,0.249560984349374,0.0929841648979498,0.0787412981314805,0,0.278713552621196,0.3,0.0375177587744875,0.0818592743178368,0.46
"271",2.71,0.249219438839149,0.0927005659005291,0.0784778579458468,0,0.279602137314475,0.3,0.0374870642791572,0.0817205364531972,0.458
"272",2.72,0.248880404692969,0.0924190521898546,0.0782163548204017,0,0.280484188296775,0.3,0.0374565954786455,0.0815830939195401,0.456
"273",2.73,0.248543854313429,0.0921396008506863,0.0779567674687695,0,0.281359777367116,0.3,0.0374263498927896,0.0814469308422618,0.454
"274",2.74,0.248209760506001,0.0918621893023154,0.0776990749153238,0,0.282228975276359,0.3,0.0373963250776333,0.0813120315888029,0.452
"275",2.75,0.247878096471718,0.091586795292478,0.0774432564895403,0,0.283091851746263,0.3,0.0373665186247691,0.0811783807641994,0.45
"276",2.76,0.247548835800003,0.0913133968914075,0.0771892918204655,0,0.283948475488124,0.3,0.0373369281606938,0.0810459632067303,0.448
"277",2.77,0.247221952461658,0.0910419724860122,0.0769371608313109,0,0.284798914221019,0.3,0.0373075513461785,0.0809147639836585,0.446
"278",2.78,0.246897420802006,0.0907725007741813,0.0766868437341652,0,0.285643234689648,0.3,0.0372783858756526,0.0807847683870642,0.444
"279",2.79,0.246575215534179,0.0905049607592095,0.0764383210248126,0,0.286481502681799,0.3,0.0372494294766,0.0806559619297675,0.442
"280",2.8,0.24625531173255,0.0902393317443445,0.0761915734776696,0,0.287313783045435,0.3,0.0372206799089692,0.0805283303413379,0.44
"281",2.81,0.245937684826308,0.0899755933274498,0.0759465821408265,0,0.288140139705416,0.3,0.0371921349645955,0.0804018595641891,0.438
"282",2.82,0.245622310593159,0.0897137253957818,0.0757033283311951,0,0.288960635679864,0.3,0.0371637924666359,0.0802765357497566,0.436
"283",2.83,0.245309165153177,0.0894537081208743,0.0754617936297589,1.73472347597681e-18,0.289775333096189,0.3,0.0371356502690152,0.0801523452547561,0.434
"284",2.84,0.244998224962773,0.0891955219535367,0.0752219598769245,0,0.290584293206766,0.3,0.0371077062558848,0.0800292746375211,0.432
"285",2.85,0.244689466808792,0.0889391476189524,0.0749838091679695,2.6099698874689e-20,0.291387576404286,0.3,0.0370799583410921,0.0799073106544175,0.43
"286",2.86,0.244297115613781,0.088684487651089,0.0746882294433356,0,0.29375596159391,0.298574205697884,0.037044018197608,0.0797496263883399,0.428
"287",2.87,0.243890957730579,0.0884315871827509,0.0743833107168233,0,0.296410820302981,0.296883324066865,0.0370067108703688,0.0795861754348183,0.426
"288",2.88,0.243487620388233,0.0881804429676655,0.074080509481467,1.0842021724855e-19,0.299047242493238,0.295204184669397,0.0369696626217911,0.0794240929927892,0.424
"289",2.89,0.243287997773111,0.087944011396753,0.0738222176757057,0,0.3,0.294945773154431,0.0369446832834682,0.0793149710465546,0.422
"290",2.9,0.243203903956704,0.0877165817535126,0.0735898041172609,0,0.3,0.295489710172523,0.0369265873488105,0.079236122353141,0.42
"291",2.91,0.243120388104671,0.0874907152006035,0.0733589879028608,0,0.3,0.296029908791866,0.0369086157848377,0.0791580078031099,0.418
"292",2.92,0.243037444279021,0.0872663956788785,0.0731297526214357,0,0.3,0.296566407420664,0.0368907673137689,0.0790806184475848,0.416
"293",2.93,0.242955066622831,0.0870436073484284,0.0729020820859589,4.33680868994202e-19,0.3,0.297099243942782,0.0368730406752671,0.0790039454721854,0.414
"294",2.94,0.242873249358858,0.086822334584852,0.0726759603296356,0,0.3,0.297628455726655,0.0368554346261429,0.0789279801946235,0.412
"295",2.95,0.242791986788202,0.0866025619756049,0.0724513716021681,0,0.3,0.298154079634026,0.0368379479400636,0.078852714062349,0.41
"296",2.96,0.242711273288968,0.0863842743164204,0.0722283003661025,0,0.3,0.298676152028509,0.0368205794072685,0.0787781386502441,0.408
"297",2.97,0.242631103314982,0.0861674566078027,0.0720067312932429,0,0.3,0.299194708783973,0.0368033278342903,0.0787042456583663,0.406
"298",2.98,0.242551471394512,0.0859520940515918,0.0717866492611407,8.67361737988404e-19,0.3,0.299709785292755,0.0367861920436811,0.0786310269097358,0.404
"299",2.99,0.242709646823221,0.0857659791118372,0.0715243740649418,1.01377372438855e-19,0.3,0.3,0.0367754707388366,0.0785853097488411,0.402
"300",3,0.242635093091346,0.0855599693544077,0.0712925498287458,0.000512387725500172,0.3,0.3,0.0367554247605781,0.0785001504017971,0.4
"301",3.01,0.242102337282842,0.0853066759051999,0.0711348578721705,0.00145612893978836,0.299999999999999,0.3,0.0367205797933701,0.0783522955820034,0.398
"302",3.02,0.24151939176504,0.0850537025210227,0.0709766585246346,0.00281425160430143,0.3,0.299635995585001,0.0366818754534773,0.0781883047027733,0.396
"303",3.03,0.240782833747264,0.0847984201289194,0.0708149549587389,0.00539638357289041,0.3,0.298207407592187,0.0366314374013581,0.0779747614854377,0.394
"304",3.04,0.240051121505921,0.0845448172262378,0.070654315232093,0.00796152783115933,0.3,0.296788218204589,0.0365813311785292,0.0777627443662166,0.392
"305",3.05,0.239324207377635,0.0842928772934099,0.0704947288807036,0.0105098514713429,0.3,0.295378334976908,0.0365315535210959,0.0775522381271227,0.39
"306",3.06,0.238602044322084,0.0840425840268096,0.0703361855773621,0.0130415194014591,0.3,0.293977666672285,0.0364821012078288,0.0773432277490086,0.388
"307",3.07,0.237884585911846,0.0837939213352361,0.0701786751294172,0.0155566943808901,0.3,0.292586123242611,0.036432971059469,0.0771356984083324,0.386
"308",3.08,0.237171786322453,0.0835468733364651,0.0700221874765888,0.0180555370552605,0.3,0.291203615809233,0.0363841599380466,0.0769296354739846,0.384
"309",3.09,0.236463600322635,0.0833014243538673,0.0698667126888274,0.0205382059906386,0.3,0.289830056644032,0.0363356647462127,0.0767250245041787,0.382
"310",3.1,0.235759983264752,0.0830575589130929,0.0697122409642126,0.023004857707077,0.3,0.288465359150866,0.0362874824265842,0.0765218512434006,0.38
"311",3.11,0.235060891075408,0.0828152617388183,0.0695587626268947,0.0254556467115141,0.3,0.287109437847365,0.0362396099611011,0.076320101619417,0.378
"312",3.12,0.234366280246253,0.0825745177515584,0.0694062681250722,0.0278907255300261,0.3,0.285762208347091,0.0361920443703969,0.076119761740342,0.376
"313",3.13,0.233676107824951,0.0823353120645368,0.0692547480290121,0.0303102447394724,0.3,0.284423587342028,0.0361447827131795,0.075920817891759,0.374
"314",3.14,0.232990331406333,0.082097629980617,0.0691041930291053,0.032714352998541,0.3,0.283093492585404,0.036097822085626,0.0757232565338983,0.372
"315",3.15,0.232308909123706,0.0818614569892936,0.0689545939339598,0.0351031970781854,0.3,0.281771842874855,0.0360511596207871,0.0755270642988678,0.37
"316",3.16,0.231631799640337,0.0816267787637379,0.0688059416685305,0.0374769218915041,0.3,0.280458558035891,0.0360047924880041,0.0753322279879373,0.368
"317",3.17,0.230958962141089,0.081393581157902,0.0686582272722836,0.039835670523036,0.3,0.279153558905689,0.0359587178923365,0.0751387345688726,0.366
"318",3.18,0.230290356324227,0.0811618502036751,0.0685114418973968,0.0421795842575138,0.3,0.277856767317188,0.0359129330740001,0.0749465711733219,0.364
"319",3.19,0.229625942393363,0.0809315721080954,0.0683655768069921,0.0445088026080758,0.3,0.276568106083473,0.0358674353078163,0.0747557250942491,0.362
"320",3.2,0.228965681049568,0.0807027332506132,0.0682206233734025,0.046823463343947,0.3,0.275287498982469,0.0358222219026711,0.0745661837834173,0.36
"321",3.21,0.228309533483616,0.0804753201804048,0.0680765730764707,0.0491237025176013,0.3,0.274014870741908,0.0357772902009848,0.0743779348489177,0.358
"322",3.22,0.227657461368384,0.080249319613738,0.0679334175018801,0.0514096544914192,0.3,0.272750147024579,0.035732637578191,0.0741909660527457,0.356
"323",3.23,0.227009426851389,0.080024718431385,0.0677911483395159,0.0536814519638509,0.3,0.27149325441386,0.0356882614422256,0.0740052653084211,0.354
"324",3.24,0.226365392547461,0.0798015036760837,0.0676497573818578,0.0559392259950938,0.3,0.270244120399504,0.0356441592330254,0.0738208206786533,0.352
"325",3.25,0.225725321531558,0.0795796625500457,0.0675092365224005,0.0581831060323009,0.3,0.269002673363696,0.0356003284220357,0.0736376203730483,0.35
"326",3.26,0.225089177331703,0.0793591824125113,0.0673695777541057,0.060413219934308,0.3,0.267768842567373,0.0355567665117269,0.0734556527458596,0.348
"327",3.27,0.224456923922061,0.0791400507773467,0.06723077316788,0.0626296939959366,0.3,0.266542558136776,0.0355134710351203,0.0732749062937784,0.346
"328",3.28,0.223828525716137,0.0789222553106894,0.0670928149510823,0.0648326529718237,0.3,0.265323751050268,0.0354704395553222,0.073095369653766,0.344
"329",3.29,0.223203947560096,0.0787057838286319,0.0669556953860588,0.067022220099834,0.3,0.26411235312538,0.0354276696650671,0.0729170316009245,0.342
"330",3.3,0.222583154726213,0.0784906242949505,0.0668194068487017,0.0691985171240367,0.3,0.262908297006098,0.035385158986268,0.0727398810464069,0.34
"331",3.31,0.221966112906433,0.0782767648188742,0.066683941807039,0.0713616643172784,0.3,0.261711516150376,0.0353429051695764,0.0725639070353644,0.338
"332",3.32,0.221352788206049,0.0780641936528949,0.0665492928198438,0.0735117805033324,0.3,0.26052194481788,0.0353009058939493,0.0723890987449316,0.336
"333",3.33,0.220743147137498,0.0778528991906154,0.0664154525352746,0.0756489830786574,0.3,0.259339518057954,0.0352591588662238,0.0722154454822474,0.334
"334",3.34,0.220137156614269,0.0776428699646364,0.0662824136895351,0.0777733880337722,0.3,0.258164171697787,0.0352176618207003,0.0720429366825115,0.332
"335",3.35,0.21953478394491,0.0774340946444846,0.066150169105561,0.0798851099742297,0.3,0.256995842330815,0.0351764125187321,0.0718715619070757,0.33
"336",3.36,0.218935996827153,0.0772265620345717,0.0660187116917303,0.0819842621412322,0.3,0.255834467305313,0.0351354087483233,0.0717013108415699,0.328
"337",3.37,0.218340763342144,0.0770202610721952,0.0658880344405922,0.084070956431871,0.3,0.254679984713198,0.0350946483237329,0.0715321732940603,0.326
"338",3.38,0.217749051948762,0.0768151808255726,0.0657581304276268,0.0861453034190164,0.3,0.253532333379023,0.0350541290850869,0.0713641391932412,0.324
"339",3.39,0.217160831478054,0.0766113104919095,0.065628992810018,0.0882074123708381,0.3,0.25239145284918,0.0350138488979963,0.0711971985866583,0.322
"340",3.4,0.216576071127762,0.076408639395503,0.0655006148254543,0.0902573912700041,0.3,0.251257283381277,0.0349738056531827,0.0710313416389638,0.32
"341",3.41,0.215994740456944,0.0762071569858791,0.0653729897909465,0.0922953468325162,0.3,0.250129765933714,0.0349339972661099,0.0708665586302017,0.318
"342",3.42,0.215416809380693,0.0760068528359606,0.0652461111016696,0.094321384526243,0.3,0.249008842155434,0.0348944216766223,0.0707028399541233,0.316
"343",3.43,0.214842248164944,0.075807716640269,0.065119972229823,0.096335608589102,0.3,0.247894454375862,0.0348550768485895,0.0705401761165324,0.314
"344",3.44,0.21427102742138,0.0756097382131572,0.0649945667235104,0.0983381220469447,0.3,0.246786545595008,0.0348159607695569,0.0703785577336594,0.312
"345",3.45,0.213703118102416,0.0754129074870716,0.0648698882056401,0.100329026731118,0.3,0.245685059473754,0.0347770714504027,0.0702179755305626,0.31
"346",3.46,0.213138491496278,0.0752172145108483,0.0647459303728443,0.102308423295731,0.3,0.244589940324299,0.0347384069250009,0.0700584203395589,0.308
"347",3.47,0.212577119222165,0.0750226494480324,0.0646226869944162,0.10427641123461,0.3,0.243501133100777,0.0346999652498895,0.0698998830986806,0.306
"348",3.48,0.212018973225489,0.0748292025752327,0.0645001519112665,0.106233088897979,0.3,0.242418583390033,0.0346617445039455,0.0697423548501585,0.304
"349",3.49,0.211464025773206,0.0746368642805008,0.0643783190348965,0.108178553508835,0.3,0.241342237402561,0.0346237427880642,0.069585826738932,0.302
"350",3.5,0.210912249449222,0.0744456250617384,0.0642571823463922,0.110112901179058,0.3,0.240272041963589,0.0345859582248451,0.0694302900111841,0.3
"351",3.51,0.210363617149876,0.0742554755251347,0.0641367358954289,0.112036226925234,0.3,0.239207944504326,0.0345483889582824,0.0692757360129013,0.298
"352",3.52,0.209818102079505,0.0740664063836248,0.0640169737993006,0.113948624684216,0.3,0.238149893053354,0.0345110331534617,0.069122156188459,0.296
"353",3.53,0.209275677746075,0.0738784084553815,0.0638978902419606,0.115850187328416,0.300000000000001,0.237097836228166,0.0344738889962603,0.0689695420792293,0.294
"354",3.54,0.208736317956902,0.073691472662326,0.0637794794730801,0.117741006680841,0.3,0.23605172322685,0.0344369546930543,0.0688178853222142,0.292
"355",3.55,0.208199996814429,0.073505590028668,0.063661735807123,0.119621173529873,0.3,0.235011503819907,0.0344002284704299,0.0686671776487003,0.29
"356",3.56,0.207666688712081,0.073320751679469,0.0635446536224354,0.121490777643798,0.3,0.233977128342217,0.0343637085748988,0.0685174108829375,0.288
"357",3.57,0.207136368330196,0.0731369488392287,0.0634282273603508,0.123349907785094,0.3,0.232948547685131,0.03432739327262,0.0683685769408388,0.286
"358",3.58,0.206609010632008,0.0729541728304983,0.0633124515243114,0.125198651724484,0.3,0.231925713288698,0.0342912808491249,0.0682206678287022,0.284
"359",3.59,0.206084590859715,0.0727724150725131,0.0631973206790023,0.127037096254742,0.3,0.230908577134028,0.0342553696090476,0.0680736756419548,0.282
"360",3.6,0.205563084530602,0.0725916670798495,0.0630828294495003,0.128865327204276,0.3,0.229897091735773,0.0342196578758596,0.0679275925639164,0.28
"361",3.61,0.205044467433228,0.072411920461107,0.0629689725204388,0.130683429450488,0.3,0.228891210134738,0.0341841439916089,0.0677824108645845,0.278
"362",3.62,0.204528715623686,0.0722331669176059,0.0628557446351842,0.132491486932909,0.3,0.227890885890615,0.0341488263166635,0.0676381228994397,0.276
"363",3.63,0.204015805421909,0.0720553982421133,0.0627431405950273,0.134289582666116,0.3,0.226896073074834,0.0341137032294588,0.0674947211082696,0.274
"364",3.64,0.203505713408055,0.0718786063175848,0.0626311552583881,0.136077798752436,0.3,0.225906726263536,0.0340787731262498,0.0673521980140135,0.272
"365",3.65,0.202998416418934,0.0717027831159303,0.0625197835400316,0.137856216394449,0.3,0.224922800530655,0.0340440344208665,0.0672105462216252,0.27
"366",3.66,0.202493891544507,0.0715279206967988,0.0624090204102999,0.13962491590727,0.3,0.223944251441124,0.0340094855444744,0.0670697584169546,0.268
"367",3.67,0.201992116124437,0.0713540112063818,0.0622988608943544,0.141383976730648,0.3,0.222971035044179,0.0339751249453379,0.0669298273656481,0.266
"368",3.68,0.201493067744694,0.0711810468762387,0.0621893000714305,0.143133477440855,0.3,0.222003107866782,0.033940951088588,0.0667907459120655,0.264
"369",3.69,0.200996724234217,0.0710090200221399,0.0620803330741047,0.144873495762389,0.3,0.221040426907149,0.0339069624559939,0.0666525069782164,0.262
"370",3.7,0.200503063661635,0.070837923042928,0.0619719550875754,0.146604108579483,0.3,0.220082949628378,0.0338731575457381,0.0665151035627125,0.26
"371",3.71,0.200012064332032,0.0706677484193992,0.061864161348952,0.148325391947426,0.3,0.21913063395219,0.0338395348721954,0.0663785287397372,0.258
"372",3.72,0.199523704783771,0.0704984887132011,0.061756947146558,0.150037421103716,0.3,0.218183438252754,0.0338060929657146,0.0662427756580317,0.256
"373",3.73,0.199037963785367,0.0703301365657495,0.0616503078192432,0.151740270479005,0.3,0.217241321350635,0.0337728303724054,0.0661078375398979,0.254
"374",3.74,0.198554820332408,0.0701626846971612,0.0615442387557113,0.153434013707904,0.3,0.216304242506816,0.0337397456539267,0.0659737076802163,0.252
"375",3.75,0.198074253644532,0.0699961259052055,0.0614387353938514,0.155118723639581,0.3,0.215372161416829,0.0337068373872799,0.065840379445481,0.25
"376",3.76,0.197596243162442,0.0698304530642706,0.0613337932200868,0.156794472348217,0.3,0.214445038204982,0.0336741041646046,0.0657078462728486,0.248
"377",3.77,0.197120768544979,0.069665659124349,0.0612294077687292,0.158461331143281,0.3,0.213522833418662,0.0336415445929779,0.0655761016692031,0.246
"378",3.78,0.196647809666233,0.0695017371100351,0.0611255746213469,0.16011937057964,0.3,0.212605508022745,0.0336091572942171,0.0654451392102356,0.244
"379",3.79,0.196177346612704,0.0693386801195435,0.061022289406141,0.161768660467521,0.3,0.21169302339409,0.0335769409046845,0.0653149525395382,0.242
"380",3.8,0.19570935968051,0.0691764813237389,0.060919547797331,0.163409269882309,0.3,0.210785341316111,0.0335448940750968,0.0651855353677125,0.24
"381",3.81,0.195243829372632,0.0690151339651824,0.0608173455145511,0.165041267174185,0.3,0.20988242397345,0.0335130154703364,0.065056881471492,0.238
"382",3.82,0.194780736396208,0.0688546313571944,0.0607156783222573,0.166664719977621,0.3,0.208984233946719,0.0334813037692658,0.0649289846928782,0.236
"383",3.83,0.19432006165987,0.0686949668829294,0.06061454202914,0.168279695220727,0.3,0.208090734207333,0.0334497576645454,0.0648018389382903,0.234
"384",3.84,0.193861786271118,0.0685361339944681,0.0605139324875491,0.169886259134441,0.3,0.207201888112424,0.0334183758624538,0.0646754381777285,0.232
"385",3.85,0.193405891533735,0.0683781262119206,0.0604138455929278,0.17148447726159,0.3,0.206317659399826,0.0333871570827107,0.0645497764439494,0.23
"386",3.86,0.192952358945251,0.0682209371225472,0.0603142772832524,0.1730744144658,0.3,0.205438012183148,0.0333561000583031,0.0644248478316553,0.228
"387",3.87,0.192501170194434,0.0680645603798888,0.0602152235384852,0.174656134940274,0.299999999999999,0.204562910946919,0.0333252035353136,0.0643006464966956,0.226
"388",3.88,0.192052307158826,0.0679089897029142,0.0601166803800312,0.176229702216424,0.3,0.203692320541804,0.0332944662727519,0.06417716665528,0.224
"389",3.89,0.191605751902323,0.0677542188751785,0.0600186438702064,0.17779517917239,0.3,0.202826206179902,0.0332638870423884,0.0640544025832049,0.222
"390",3.9,0.191161486672776,0.0676002417439953,0.0599211101117143,0.179352628041402,0.3,0.201964533430113,0.0332334646285909,0.0639323486150906,0.22
"391",3.91,0.190719493899645,0.0674470522196214,0.0598240752471277,0.180902110420035,0.3,0.201107268213571,0.0332031978281632,0.0638109991436311,0.218
"392",3.92,0.190279756191684,0.0672946442744533,0.0597275354583806,0.182443687276328,0.3,0.200254376799154,0.0331730854501867,0.063690348618855,0.216
"393",3.93,0.189842256334654,0.0671430119422377,0.0596314869662683,0.183977418957779,0.3,0.19940582579906,0.033143126315864,0.0635703915473972,0.214
"394",3.94,0.189406977289081,0.0669921493172924,0.0595359260299535,0.185503365199224,0.3,0.198561582164449,0.0331133192583653,0.0634511224917825,0.212
"395",3.95,0.188973902188042,0.066842050553739,0.059440848946481,0.187021585130585,0.3,0.197721613181152,0.0330836631226767,0.0633325360697197,0.21
"396",3.96,0.188543014334989,0.066692709864749,0.0593462520502988,0.188532137284515,0.3,0.196885886465448,0.0330541567654511,0.0632146269534061,0.208
"397",3.97,0.188114297201598,0.0665441215217996,0.0592521317127873,0.190035079603916,0.3,0.196054369959898,0.0330247990548615,0.0630973898688433,0.206
"398",3.98,0.187687734425662,0.06639627985394,0.0591584843417961,0.191530469449351,0.3,0.195227031929251,0.0329955888704558,0.0629808195951619,0.204
"399",3.99,0.187263309809003,0.0662491792470725,0.0590653063811858,0.193018363606338,0.3,0.194403840956401,0.0329665251030144,0.0628649109639584,0.202
"400",4,0.186841007315428,0.0661028141432391,0.0589725943103786,0.194498818292539,0.3,0.193584765938416,0.0329376066544103,0.0627496588586397,0.2
"401",4.01,0.186420811068703,0.0659571790399236,0.0588803446439144,0.195971889164844,0.3,0.192769776082615,0.0329088324374701,0.0626350582137793,0.198
"402",4.02,0.186002705350569,0.0658122684893611,0.0587885539310148,0.197437631326342,0.3,0.191958840902713,0.032880201375838,0.0625211040144822,0.196
"403",4.03,0.185586674598778,0.0656680770978584,0.058697218755152,0.198896099333192,0.3,0.191151930215019,0.0328517124038417,0.062407791295759,0.194
"404",4.04,0.185172703405165,0.0655245995251251,0.0586063357336251,0.200347347201395,0.3,0.19034901413469,0.0328233644663604,0.0622951151419105,0.192
"405",4.05,0.184760776513742,0.0653818304836157,0.0585159015171428,0.201791428413457,0.3,0.189550063072042,0.0327951565186937,0.0621830706859196,0.19
"406",4.06,0.184350878818828,0.0652397647378771,0.0584259127894117,0.203228395924968,0.3,0.188755047728915,0.0327670875264343,0.0620716531088539,0.188
"407",4.07,0.183942995363202,0.0650983971039112,0.0583363662667307,0.204658302171066,0.3,0.18796393909509,0.0327391564653408,0.061960857639276,0.186
"408",4.08,0.183537111336279,0.064957722448543,0.0582472586975924,0.206081199072821,0.3,0.187176708444764,0.0327113623212134,0.0618506795526629,0.184
"409",4.09,0.183133212072325,0.0648177356888003,0.0581585868622884,0.207497138043515,0.3,0.186393327333071,0.0326837040897712,0.061741114170834,0.182
"410",4.1,0.182731283048682,0.0646784317913001,0.0580703475725226,0.20890616999484,0.3,0.185613767592654,0.0326561807765312,0.0616321568613868,0.18
"411",4.11,0.182331309884036,0.0645398057716467,0.0579825376710281,0.210308345342997,0.3,0.184838001330293,0.032628791396689,0.0615238030371418,0.178
"412",4.12,0.181933278336693,0.0644018526938361,0.0578951540311913,0.211703714014705,0.3,0.184066000923574,0.0326015349750013,0.0614160481555948,0.176
"413",4.13,0.181537174302897,0.0642645676696713,0.0578081935566806,0.213092325453137,0.3,0.183297739017614,0.0325744105456705,0.0613088877183771,0.174
"414",4.14,0.181142983815158,0.0641279458581837,0.0577216531810806,0.21447422862375,0.3,0.182533188521828,0.0325474171522301,0.0612023172707243,0.172
"415",4.15,0.180750693040612,0.0639919824650645,0.0576355298675317,0.215849472020046,0.3,0.181772322606745,0.0325205538474329,0.0610963324009516,0.17
"416",4.16,0.180360288279406,0.0638566727421046,0.0575498206083749,0.217218103669245,0.3,0.181015114700869,0.0324938196931394,0.0609909287399374,0.168
"417",4.17,0.179971755963098,0.0637220119866409,0.0574645224248016,0.218580171137873,0.3,0.180261538487586,0.0324672137602095,0.0608861019606146,0.166
"418",4.18,0.179585082653088,0.0635879955410119,0.0573796323665083,0.219935721537273,0.3,0.179511567902119,0.0324407351283941,0.0607818477774683,0.164
"419",4.19,0.179200255039068,0.063454618792021,0.0572951475113576,0.221284801529038,0.3,0.178765177128515,0.0324143828862294,0.0606781619460412,0.162
"420",4.2,0.178817259937496,0.0633218771704057,0.0572110649650407,0.222627457330366,0.3,0.178022340596691,0.0323881561309321,0.0605750402624463,0.16
"421",4.21,0.178436084290089,0.0631897661503188,0.0571273818607492,0.223963734719337,0.3,0.177283032979507,0.0323620539682965,0.060472478562886,0.158
"422",4.22,0.178056715162337,0.0630582812488105,0.0570440953588475,0.225293679040112,0.3,0.176547229189893,0.0323360755125929,0.0603704727231783,0.156
"423",4.23,0.177679139742045,0.0629274180253233,0.056961202646553,0.226617335208072,0.3,0.175814904378006,0.0323102198864671,0.0602690186582898,0.154
"424",4.24,0.177303345337886,0.0627971720811922,0.0568787009376184,0.227934747714863,0.3,0.17508603392844,0.0322844862208418,0.0601681123218749,0.152
"425",4.25,0.176929319377983,0.062667539059151,0.05679658747202,0.229245960633384,0.3,0.174360593457462,0.0322588736548195,0.0600677497058223,0.15
"426",4.26,0.176552961932458,0.0625381370915033,0.0567189224657884,0.23061782358982,0.299892441479942,0.173679713440489,0.0322332680842463,0.0599674834134191,0.148
"427",4.27,0.176162681489567,0.0624078923589548,0.0566572129069847,0.232239630596232,0.29937262812662,0.173159954521641,0.0322073478411238,0.059866052051867,0.146
"428",4.28,0.175774224787064,0.0622782562466517,0.0565957917106052,0.233853859065229,0.298855243807662,0.172642624382788,0.0321815487206327,0.0597651604849653,0.144
"429",4.29,0.175387579071519,0.0621492244985087,0.0565346568601297,0.235460561993581,0.298340271536808,0.172127706039453,0.0321558698757617,0.0596648048095223,0.142
"430",4.3,0.175002731708139,0.0620207928980317,0.056473806357796,0.237059791885053,0.297827694485822,0.171615182665158,0.0321303104673784,0.0595649811587741,0.14
"431",4.31,0.174619670179392,0.0618929572678583,0.0564132382243827,0.238651600756149,0.297317495982636,0.171105037589582,0.0321048696641384,0.0594656857019625,0.138
"432",4.32,0.174238382083649,0.061765713469306,0.0563529504989943,0.240236040141731,0.296809659509555,0.170597254296765,0.0320795466423949,0.0593669146439196,0.136
"433",4.33,0.173858855133844,0.0616390574019251,0.0562929412388502,0.241813161100589,0.296304168701479,0.170091816423313,0.0320543405861098,0.0592686642246577,0.134
"434",4.34,0.173481077156158,0.0615129850030572,0.0562332085190756,0.243383014220928,0.295801007344128,0.169588707756654,0.0320292506867661,0.0591709307189651,0.132
"435",4.35,0.173105036088715,0.0613874922474025,0.0561737504324951,0.244945649625769,0.295300159372332,0.169087912233287,0.0320042761432814,0.0590737104360072,0.13
"436",4.36,0.172730719980296,0.0612625751465904,0.0561145650894313,0.246501116978296,0.294801608868294,0.168589413937092,0.0319794161619229,0.0589769997189332,0.128
"437",4.37,0.172358116989078,0.0611382297487569,0.0560556506175025,0.248049465487104,0.294305340059929,0.16809319709763,0.0319546699562227,0.0588807949444885,0.126
"438",4.38,0.171987215381382,0.0610144521381279,0.0559970051614275,0.249590743911398,0.293811337319179,0.167599246088485,0.0319300367468956,0.0587850925226317,0.124
"439",4.39,0.171618003530441,0.060891238434609,0.0559386268828287,0.251125000566102,0.293319585160394,0.167107545425625,0.0319055157617567,0.0586898888961578,0.122
"440",4.4,0.171250469915186,0.0607685847933788,0.055880513960042,0.252652283326924,0.292830068238693,0.166618079765776,0.0318811062356413,0.0585951805403253,0.12
"441",4.41,0.170884603119047,0.0606464874044897,0.0558226645879254,0.254172639635316,0.292342771348383,0.166130833904838,0.0318568074103245,0.0585009639624894,0.118
"442",4.42,0.170520391828774,0.0605249424924735,0.0557650769776736,0.255686116503397,0.291857679421379,0.165645792776303,0.0318326185344435,0.0584072357017402,0.116
"443",4.43,0.170157824833265,0.0604039463159515,0.0557077493566327,0.257192760518801,0.291374777525647,0.165162941449703,0.0318085388634198,0.0583139923285446,0.114
"444",4.44,0.16979689102242,0.0602834951672521,0.0556506799681192,0.258692617849451,0.290894050863679,0.164682265129079,0.0317845676593827,0.0582212304443943,0.112
"445",4.45,0.169437579386006,0.0601635853720297,0.0555938670712394,0.260185734248277,0.29041548477098,0.164203749151468,0.0317607041910941,0.0581289466814581,0.11
"446",4.46,0.169079879012536,0.0600442132888935,0.0555373089407133,0.261672155057872,0.289939064714569,0.163727378985416,0.031736947733874,0.0580371377022386,0.108
"447",4.47,0.168723779088164,0.0599253753090376,0.0554810038666996,0.263151925215075,0.289464776291521,0.163253140229503,0.0317132975695274,0.0579458001992341,0.106
"448",4.48,0.168369268895597,0.0598070678558775,0.0554249501546235,0.264625089255503,0.288992605227505,0.162781018610894,0.0316897529862717,0.0578549308946044,0.104
"449",4.49,0.168016337813019,0.0596892873846914,0.0553691461250068,0.266091691318024,0.288522537375356,0.162310999983903,0.0316663132786652,0.0577645265398413,0.102
"450",4.5,0.16766497531303,0.0595720303822661,0.0553135901132992,0.267551775149156,0.288054558713659,0.161843070328589,0.0316429777475369,0.0576745839154435,0.1
"451",4.51,0.167315170961601,0.0594552933665478,0.0552582804697145,0.269005384107422,0.287588655345364,0.161377215749351,0.031619745699917,0.0575850998305961,0.0980000000000001
"452",4.52,0.166966914417036,0.0593390728862974,0.055203215559066,0.270452561167644,0.287124813496396,0.160913422473561,0.0315966164489679,0.0574960711228538,0.0960000000000001
"453",4.53,0.166620195428959,0.0592233655207498,0.0551483937606058,0.27189334892517,0.286663019514313,0.160451676850203,0.0315735893139171,0.0574074946578285,0.094
"454",4.54,0.166275003837305,0.0591081678792796,0.0550938134678658,0.273327789600065,0.286203259866951,0.159991965348533,0.0315506636199898,0.0573193673288814,0.092
"455",4.55,0.165931329571329,0.0589934766010688,0.0550394730885003,0.274755925041223,0.285745521141117,0.159534274556762,0.0315278386983436,0.0572316860568187,0.0900000000000001
"456",4.56,0.165589162648624,0.0588792883547798,0.0549853710441324,0.276177796730449,0.285289790041271,0.159078591180744,0.0315051138860028,0.0571444477895909,0.0880000000000001
"457",4.57,0.16524849317416,0.0587655998382339,0.0549315057701989,0.277593445786459,0.284836053388253,0.158624902042695,0.0314824885257948,0.0570576495019977,0.086
"458",4.58,0.164909311339321,0.0586524077780921,0.0548778757158024,0.279002912968862,0.284384298118001,0.158173194079921,0.0314599619662864,0.0569712881953945,0.084
"459",4.59,0.164571607420975,0.0585397089295415,0.0548244793435601,0.280406238682061,0.283934511280297,0.157723454343565,0.0314375335617214,0.0568853608974045,0.0820000000000001
"460",4.6,0.164235371780534,0.0584275000759845,0.0547713151294582,0.281803462979117,0.28348668003754,0.157275669997367,0.0314152026719588,0.0567998646616336,0.0800000000000001
"461",4.61,0.163900594863045,0.0583157780287334,0.0547183815627059,0.283194625565555,0.283040791663516,0.156829828316445,0.0313929686624121,0.0567147965673897,0.078
"462",4.62,0.163567267196281,0.0582045396267088,0.054665677145593,0.284579765803135,0.282596833542192,0.156385916686089,0.0313708309039891,0.0566301537194046,0.076
"463",4.63,0.163235379389849,0.0580937817361398,0.054613200393349,0.285958922713554,0.282154793166533,0.155943922600574,0.0313487887730322,0.0565459332475609,0.0740000000000001
"464",4.64,0.162904922134307,0.0579835012502717,0.0545609498340026,0.287332134982117,0.281714658137323,0.155503833661979,0.0313268416512604,0.0564621323066211,0.0720000000000001
"465",4.65,0.162575886200294,0.0578736950890739,0.0545089240082447,0.288699440961356,0.281276416161999,0.155065637579033,0.0313049889257114,0.0563787480759609,0.0700000000000001
"466",4.66,0.162248262437671,0.0577643601989542,0.0544571214692929,0.290060878674587,0.280840055053524,0.154629322165972,0.031283229988684,0.0562957777593059,0.0679999999999999
"467",4.67,0.161922041774674,0.0576554935524755,0.0544055407827561,0.291416485819454,0.280405562729237,0.154194875341403,0.0312615642376824,0.0562132185844716,0.0660000000000001
"468",4.68,0.161597215217075,0.0575470921480755,0.0543541805265035,0.292766299771394,0.279972927209756,0.153762285127195,0.0312399910753603,0.0561310678031062,0.0640000000000001
"469",4.69,0.161273773847355,0.0574391530097923,0.0543030392905337,0.294110357587078,0.279542136617863,0.153331539647378,0.031218509909466,0.0560493226904381,0.0620000000000001
"470",4.7,0.160951708823888,0.0573316731869912,0.0542521156768445,0.295448696007803,0.279113179177425,0.152902627127047,0.0311971201527883,0.0559679805450244,0.0599999999999999
"471",4.71,0.16063101138014,0.0572246497540959,0.0542014082993068,0.296781351462834,0.278686043212319,0.152475535891305,0.0311758212231029,0.0558870386885054,0.0580000000000001
"472",4.72,0.160311672823865,0.057118079810323,0.0541509157835384,0.298108360072715,0.27826071714537,0.152050254364189,0.0311546125431195,0.0558064944653592,0.056
"473",4.73,0.159993684536326,0.0570119604794204,0.0541006367667795,0.299429757652535,0.277837189497308,0.151626771067631,0.0311334935404299,0.055726345242662,0.054
"474",4.74,0.159772202435121,0.0569137019994656,0.0540156849008706,0.299999999999999,0.27820515851607,0.151093252148474,0.0311166404819601,0.0556624310886248,0.0519999999999999
"475",4.75,0.159624131143231,0.056821503126527,0.0539045219476856,0.3,0.279173029324676,0.15047681445788,0.0311030395046807,0.0556109113984732,0.05
"476",4.76,0.159476681999627,0.056729691643811,0.0537938260657326,0.3,0.280136833449213,0.149862966841617,0.0310894956743647,0.0555596687478191,0.048
"477",4.77,0.159329851091425,0.0566382651149008,0.0536835943174563,0.299999999999999,0.28109659646631,0.149251693009908,0.0310760086315973,0.0555087011804724,0.046
"478",4.78,0.159183634538488,0.0565472211237685,0.0535738237898844,0.3,0.282052343738566,0.148642976809294,0.0310625780199711,0.0554580067574231,0.0439999999999999
"479",4.79,0.159038028493079,0.0564565572745614,0.053464511594369,0.3,0.283004100416782,0.148036802221209,0.0310492034860552,0.0554075835566593,0.042
"480",4.8,0.158893029139525,0.0563662711913929,0.0533556548663351,0.3,0.283951891442173,0.147433153360574,0.031035884679364,0.0553574296729877,0.04
"481",4.81,0.158748632693887,0.0562763605181336,0.0532472507650288,0.3,0.28489574154854,0.146832014474411,0.0310226212523264,0.0553075432178561,0.038
"482",4.82,0.158604835403625,0.0561868229182073,0.0531392964732714,0.299999999999999,0.285835675264425,0.146233369940472,0.0310094128602558,0.0552579223191788,0.0359999999999999
"483",4.83,0.158461633547276,0.0560976560743884,0.0530317891972151,0.300000000000001,0.28677171691523,0.14563720426589,0.03099625916132,0.055208565121163,0.034
"484",4.84,0.158319023434136,0.0560088576886018,0.0529247261661009,0.3,0.287703890625334,0.145043502085828,0.030983159816512,0.0551594697841389,0.032
"485",4.85,0.158177001403937,0.0559204254817255,0.0528181046320226,0.3,0.288632220320136,0.144452248162179,0.0309701144896208,0.0551106344843901,0.03
"486",4.86,0.158035563826537,0.0558323571933961,0.0527119218696891,0.3,0.289556729728128,0.14386342738225,0.0309571228472024,0.0550620574139876,0.0279999999999999
"487",4.87,0.157894707101611,0.0557446505818155,0.0526061751761949,0.3,0.290477442382905,0.143277024757474,0.0309441845585516,0.0550137367806251,0.026
"488",4.88,0.157754427658344,0.055657303423561,0.0525008618707889,0.3,0.291394381625163,0.142693025422143,0.030931299295674,0.0549656708074567,0.024
"489",4.89,0.157614721955131,0.0555703135133977,0.0523959792946483,0.3,0.292307570604671,0.142111414632152,0.0309184667332581,0.0549178577329357,0.022
"490",4.9,0.157475586479279,0.0554836786640921,0.0522915248106551,0.299999999999999,0.293217032282222,0.141532177763753,0.0309056865486479,0.0548702958106571,0.0200000000000001
"491",4.91,0.157337017746709,0.0553973967062296,0.0521874958031751,0.3,0.294122789431554,0.140955300312332,0.0308929584218162,0.0548229833091999,0.018
"492",4.92,0.15719901230167,0.0553114654880334,0.0520838896778395,0.3,0.295024864641254,0.140380767891203,0.0308802820353375,0.0547759185119731,0.016
"493",4.93,0.157061566716448,0.0552258828751848,0.0519807038613288,0.3,0.295923280316637,0.139808566230402,0.0308676570743617,0.0547290997170626,0.014
"494",4.94,0.156924677591086,0.0551406467506472,0.05187793580116,0.299999999999999,0.296818058681592,0.139238681175515,0.0308550832265882,0.0546825252370803,0.0120000000000001
"495",4.95,0.156788341553099,0.0550557550144917,0.0517755829654769,0.3,0.297709221780426,0.138671098686507,0.0308425601822401,0.0546361933990148,0.01
"496",4.96,0.1566525552572,0.0549712055837239,0.051673642842841,0.3,0.298596791479668,0.138105804836567,0.0308300876340386,0.0545901025440842,0.00800000000000001
"497",4.97,0.156517315385028,0.0548869963921139,0.0515721129420265,0.299999999999999,0.299480789469859,0.137542785810973,0.0308176652771779,0.0545442510275906,0.00600000000000001
"498",4.98,0.156426199881612,0.0548059396460376,0.0514801905687357,0.3,0.3,0.137287669903614,0.0308078550001972,0.0545080808299415,0.00400000000000011
"499",4.99,0.156397838328172,0.0547292365273506,0.0514018065704854,0.299999999999999,0.3,0.137471118573993,0.0308017519495833,0.0544856156004199,0.002
"500",5,0.156369590220945,0.054652840221138,0.0513237361082279,0.3,0.3,0.137653833449689,0.0307956733111719,0.0544632758440411,0
